Workbook

Sheet ReadMe
A1: Japan Natural Rate of Interest (r*) - Six Methods
A3: Replicates the six methods surveyed by the Bank of Japan
A4: (Nakano, Sugioka & Yamamoto 2024, BOJ WP 24-E-12; BOJ Review 2026-E-4).
A6: SHEETS
A7: Settings - window length and DSGE calibration (editable).
A8: Data - quarterly panel from FRED + derived features + the six
A9: r* proxy columns (all live formulas).
A10: Dashboard - chart comparing the six r* estimates.
A12: THE SIX METHODS (Excel proxy column on the Data sheet):
A13: rstar_HLW Holston-Laubach-Williams (2017/2023)
A14: rstar_DSGE Okazaki & Sudo (2018) - consumption Euler
A15: rstar_Imakubo_NYC Imakubo, Kojima & Nakajima (2015) natural yield curve
... A29: (steps in docs/02_update_manual.md).

Sheet Data
A1: date | B1: real_gdp | C1: consumption | D1: cpi | E1: short_rate | F1: rate_3m | G1: rate_10y | H1: working_age_pop | I1: log_gdp | J1: log_cons | K1: gdp_growth | L1: cons_growth | M1: inflation | N1: inflation_yoy | O1: exp_inflation | P1: real_short_rate | Q1: real_10y | R1: real_3m | S1: term_premium | T1: real_10y_adj | U1: curve_mid | V1: trend_growth_gdp | W1: trend_growth_cons | X1: MA_real_short | Y1: MA_real_10y_adj | Z1: MA_curve_mid | AA1: rstar_HLW | AB1: rstar_DSGE | AC1: rstar_Imakubo_NYC | AD1: rstar_Nakajima_NYC | AE1: rstar_GoyIwasaki | AF1: rstar_DelNegro_VAR
A2: 1985-01-01 | B2: 354283.45 | C2: 195510.53 | D2: 60.172507 | E2: 5.9856876 | F2: 6.1596161 | G2: 7.7375635 | H2: 86.018719 | I2: 1277.7853 | J2: 772.88046 | S2: =Q2-P2 | T2: =Q2-Settings!$B$5 | U2: =0.5*(P2+T2) | V2: =AVERAGE(K2:K2) | W2: =AVERAGE(L2:L2) | X2: =AVERAGE(P2:P2) | Y2: =AVERAGE(T2:T2) | Z2: =AVERAGE(U2:U2) | AA2: =0.5*V2+0.5*X2 | AB2: =Settings!$B$3+Settings!$B$4*W2 | AC2: =Z2 | AD2: =0.5*V2+0.5*Z2 | AE2: =(X2+Y2+V2)/3 | AF2: =0.7*X2+0.3*V2
A3: 1985-04-01 | B3: 357396.55 | C3: 195859.44 | D3: 60.375105 | E3: 5.9226983 | F3: 6.1280202 | G3: 7.866476 | H3: 86.031599 | I3: 1278.6601 | J3: 773.04379 | K3: 3.4994573 | L3: 0.65330279 | M3: 1.344516 | O3: 1.344516 | P3: 4.5781822 | Q3: 6.5219599 | R3: 4.7835041 | S3: =Q3-P3 | T3: =Q3-Settings!$B$5 | U3: =0.5*(P3+T3) | V3: =AVERAGE(K2:K3) | W3: =AVERAGE(L2:L3) | X3: =AVERAGE(P2:P3) | Y3: =AVERAGE(T2:T3) | Z3: =AVERAGE(U2:U3) | AA3: =0.5*V3+0.5*X3 | AB3: =Settings!$B$3+Settings!$B$4*W3 | AC3: =Z3 | AD3: =0.5*V3+0.5*Z3 | AE3: =(X3+Y3+V3)/3 | AF3: =0.7*X3+0.3*V3
A4: 1985-07-01 | B4: 362693.33 | C4: 200226.04 | D4: 60.670663 | E4: 5.7845663 | F4: 6.0209419 | G4: 7.4683584 | H4: 85.929787 | I4: 1280.1313 | J4: 775.36717 | K4: 5.8846828 | L4: 9.2935361 | M4: 1.9533685 | O4: 1.6489423 | P4: 4.1356241 | Q4: 5.8194161 | R4: 4.3719996 | S4: =Q4-P4 | T4: =Q4-Settings!$B$5 | U4: =0.5*(P4+T4) | V4: =AVERAGE(K2:K4) | W4: =AVERAGE(L2:L4) | X4: =AVERAGE(P2:P4) | Y4: =AVERAGE(T2:T4) | Z4: =AVERAGE(U2:U4) | AA4: =0.5*V4+0.5*X4 | AB4: =Settings!$B$3+Settings!$B$4*W4 | AC4: =Z4 | AD4: =0.5*V4+0.5*Z4 | AE4: =(X4+Y4+V4)/3 | AF4: =0.7*X4+0.3*V4
A5: 1985-10-01 | B5: 368476.73 | C5: 202974.5 | D5: 60.927731 | E5: 5.7467774 | F5: 5.9370636 | G5: 7.3351119 | H5: 86.016552 | I5: 1281.7133 | J5: 776.62959 | K5: 6.3279676 | L5: 5.049686 | M5: 1.6912601 | O5: 1.6630482 | P5: 4.0837291 | Q5: 5.6720637 | R5: 4.2740154 | S5: =Q5-P5 | T5: =Q5-Settings!$B$5 | U5: =0.5*(P5+T5) | V5: =AVERAGE(K2:K5) | W5: =AVERAGE(L2:L5) | X5: =AVERAGE(P2:P5) | Y5: =AVERAGE(T2:T5) | Z5: =AVERAGE(U2:U5) | AA5: =0.5*V5+0.5*X5 | AB5: =Settings!$B$3+Settings!$B$4*W5 | AC5: =Z5 | AD5: =0.5*V5+0.5*Z5 | AE5: =(X5+Y5+V5)/3 | AF5: =0.7*X5+0.3*V5
A6: 1986-01-01 | B6: 371289.38 | C6: 204081.25 | D6: 61.124589 | E6: 5.5084297 | F6: 5.6576708 | G6: 7.1222452 | H6: 85.984869 | I6: 1282.4737 | J6: 777.21021 | K6: 3.0416701 | L6: 2.3224895 | M6: 1.2903209 | N6: 1.5698664 | O6: 1.5698664 | P6: 3.9385633 | Q6: 5.5523788 | R6: 4.0878044 | S6: =Q6-P6 | T6: =Q6-Settings!$B$5 | U6: =0.5*(P6+T6) | V6: =AVERAGE(K2:K6) | W6: =AVERAGE(L2:L6) | X6: =AVERAGE(P2:P6) | Y6: =AVERAGE(T2:T6) | Z6: =AVERAGE(U2:U6) | AA6: =0.5*V6+0.5*X6 | AB6: =Settings!$B$3+Settings!$B$4*W6 | AC6: =Z6 | AD6: =0.5*V6+0.5*Z6 | AE6: =(X6+Y6+V6)/3 | AF6: =0.7*X6+0.3*V6
A7: 1986-04-01 | B7: 374986.82 | C7: 206209.13 | D7: 61.307607 | E7: 5.4832196 | F7: 5.6826927 | G7: 7.2861306 | H7: 85.97586 | I7: 1283.4646 | J7: 778.25795 | K7: 3.9636523 | L7: 4.1909626 | M7: 1.1958848 | N7: 1.5327086 | O7: 1.5327086 | P7: 3.950511 | Q7: 5.753422 | R7: 4.1499842 | S7: =Q7-P7 | T7: =Q7-Settings!$B$5 | U7: =0.5*(P7+T7) | V7: =AVERAGE(K2:K7) | W7: =AVERAGE(L2:L7) | X7: =AVERAGE(P2:P7) | Y7: =AVERAGE(T2:T7) | Z7: =AVERAGE(U2:U7) | AA7: =0.5*V7+0.5*X7 | AB7: =Settings!$B$3+Settings!$B$4*W7 | AC7: =Z7 | AD7: =0.5*V7+0.5*Z7 | AE7: =(X7+Y7+V7)/3 | AF7: =0.7*X7+0.3*V7
A8: 1986-07-01 | B8: 380440.52 | C8: 208694.97 | D8: 61.539455 | E8: 5.3004594 | F8: 5.4733867 | G8: 7.1035511 | H8: 86.043528 | I8: 1284.9085 | J8: 779.37757 | K8: 5.7755903 | L8: 4.4784539 | M8: 1.5098346 | N8: 1.4218251 | O8: 1.4218251 | P8: 3.8786343 | Q8: 5.681726 | R8: 4.0515616 | S8: =Q8-P8 | T8: =Q8-Settings!$B$5 | U8: =0.5*(P8+T8) | V8: =AVERAGE(K2:K8) | W8: =AVERAGE(L2:L8) | X8: =AVERAGE(P2:P8) | Y8: =AVERAGE(T2:T8) | Z8: =AVERAGE(U2:U8) | AA8: =0.5*V8+0.5*X8 | AB8: =Settings!$B$3+Settings!$B$4*W8 | AC8: =Z8 | AD8: =0.5*V8+0.5*Z8 | AE8: =(X8+Y8+V8)/3 | AF8: =0.7*X8+0.3*V8
A9: 1986-10-01 | B9: 385501.25 | C9: 212404.34 | D9: 61.714326 | E9: 5.225247 | F9: 5.4149767 | G9: 7.0134859 | H9: 86.073964 | I9: 1286.23 | J9: 781.104 | K9: 5.285831 | L9: 6.9057409 | M9: 1.135032 | N9: 1.2827681 | O9: 1.2827681 | P9: 3.9424789 | Q9: 5.7307178 | R9: 4.1322087 | S9: =Q9-P9 | T9: =Q9-Settings!$B$5 | U9: =0.5*(P9+T9) | V9: =AVERAGE(K2:K9) | W9: =AVERAGE(L2:L9) | X9: =AVERAGE(P2:P9) | Y9: =AVERAGE(T2:T9) | Z9: =AVERAGE(U2:U9) | AA9: =0.5*V9+0.5*X9 | AB9: =Settings!$B$3+Settings!$B$4*W9 | AC9: =Z9 | AD9: =0.5*V9+0.5*Z9 | AE9: =(X9+Y9+V9)/3 | AF9: =0.7*X9+0.3*V9
A10: 1987-01-01 | B10: 390967.74 | C10: 214641.27 | D10: 61.915017 | E10: 5.2681931 | F10: 5.4657455 | G10: 7.1896121 | H10: 86.089719 | I10: 1287.638 | J10: 782.13334 | K10: 5.6322415 | L10: 4.117344 | M10: 1.2986579 | N10: 1.2848523 | O10: 1.2848523 | P10: 3.9833408 | Q10: 5.9047598 | R10: 4.1808932 | S10: =Q10-P10 | T10: =Q10-Settings!$B$5 | U10: =0.5*(P10+T10) | V10: =AVERAGE(K2:K10) | W10: =AVERAGE(L2:L10) | X10: =AVERAGE(P2:P10) | Y10: =AVERAGE(T2:T10) | Z10: =AVERAGE(U2:U10) | AA10: =0.5*V10+0.5*X10 | AB10: =Settings!$B$3+Settings!$B$4*W10 | AC10: =Z10 | AD10: =0.5*V10+0.5*Z10 | AE10: =(X10+Y10+V10)/3 | AF10: =0.7*X10+0.3*V10
A11: 1987-04-01 | B11: 395448.94 | C11: 216433.27 | D11: 62.162178 | E11: 5.1447592 | F11: 5.2935897 | G11: 6.6774758 | H11: 86.06574 | I11: 1288.7777 | J11: 782.99261 | K11: 4.5586584 | L11: 3.4370882 | M11: 1.5936028 | N11: 1.3842818 | O11: 1.3842818 | P11: 3.7604774 | Q11: 5.293194 | R11: 3.9093078 | S11: =Q11-P11 | T11: =Q11-Settings!$B$5 | U11: =0.5*(P11+T11) | V11: =AVERAGE(K2:K11) | W11: =AVERAGE(L2:L11) | X11: =AVERAGE(P2:P11) | Y11: =AVERAGE(T2:T11) | Z11: =AVERAGE(U2:U11) | AA11: =0.5*V11+0.5*X11 | AB11: =Settings!$B$3+Settings!$B$4*W11 | AC11: =Z11 | AD11: =0.5*V11+0.5*Z11 | AE11: =(X11+Y11+V11)/3 | AF11: =0.7*X11+0.3*V11
A12: 1987-07-01 | B12: 401938.97 | C12: 219939.28 | D12: 62.449813 | E12: 4.964026 | F12: 5.1155562 | G12: 6.8036194 | H12: 85.994513 | I12: 1290.4056 | J12: 784.68233 | K12: 6.5114268 | L12: 6.7588687 | M12: 1.8465936 | N12: 1.4684716 | O12: 1.4684716 | P12: 3.4955544 | Q12: 5.3351478 | R12: 3.6470847 | S12: =Q12-P12 | T12: =Q12-Settings!$B$5 | U12: =0.5*(P12+T12) | V12: =AVERAGE(K2:K12) | W12: =AVERAGE(L2:L12) | X12: =AVERAGE(P2:P12) | Y12: =AVERAGE(T2:T12) | Z12: =AVERAGE(U2:U12) | AA12: =0.5*V12+0.5*X12 | AB12: =Settings!$B$3+Settings!$B$4*W12 | AC12: =Z12 | AD12: =0.5*V12+0.5*Z12 | AE12: =(X12+Y12+V12)/3 | AF12: =0.7*X12+0.3*V12
A13: 1987-10-01 | B13: 408228.31 | C13: 224680.63 | D13: 62.713065 | E13: 4.8248748 | F13: 5.0393368 | G13: 6.7810186 | H13: 86.017636 | I13: 1291.9582 | J13: 786.78829 | K13: 6.2105424 | L13: 8.4238432 | M13: 1.6826284 | N13: 1.6053707 | O13: 1.6053707 | P13: 3.2195041 | Q13: 5.1756479 | R13: 3.4339661 | S13: =Q13-P13 | T13: =Q13-Settings!$B$5 | U13: =0.5*(P13+T13) | V13: =AVERAGE(K2:K13) | W13: =AVERAGE(L2:L13) | X13: =AVERAGE(P2:P13) | Y13: =AVERAGE(T2:T13) | Z13: =AVERAGE(U2:U13) | AA13: =0.5*V13+0.5*X13 | AB13: =Settings!$B$3+Settings!$B$4*W13 | AC13: =Z13 | AD13: =0.5*V13+0.5*Z13 | AE13: =(X13+Y13+V13)/3 | AF13: =0.7*X13+0.3*V13
A14: 1988-01-01 | B14: 413497.56 | C14: 228864.69 | D14: 62.840599 | E14: 4.6517736 | F14: 4.836092 | G14: 6.3389955 | H14: 86.038341 | I14: 1293.2407 | J14: 788.60932 | K14: 5.1299982 | L14: 7.2841319 | M14: 0.81261315 | N14: 1.4838595 | O14: 1.4838595 | P14: 3.167914 | Q14: 4.855136 | R14: 3.3522325 | S14: =Q14-P14 | T14: =Q14-Settings!$B$5 | U14: =0.5*(P14+T14) | V14: =AVERAGE(K2:K14) | W14: =AVERAGE(L2:L14) | X14: =AVERAGE(P2:P14) | Y14: =AVERAGE(T2:T14) | Z14: =AVERAGE(U2:U14) | AA14: =0.5*V14+0.5*X14 | AB14: =Settings!$B$3+Settings!$B$4*W14 | AC14: =Z14 | AD14: =0.5*V14+0.5*Z14 | AE14: =(X14+Y14+V14)/3 | AF14: =0.7*X14+0.3*V14
A15: 1988-04-01 | B15: 419890.25 | C15: 231087.48 | D15: 63.091094 | E15: 4.6728252 | F15: 4.7958829 | G15: 6.4348446 | H15: 86.006059 | I15: 1294.7749 | J15: 789.61339 | K15: 6.1367102 | L15: 4.016262 | M15: 1.59131 | N15: 1.4832863 | O15: 1.4832863 | P15: 3.1895389 | Q15: 4.9515583 | R15: 3.3125966 | S15: =Q15-P15 | T15: =Q15-Settings!$B$5 | U15: =0.5*(P15+T15) | V15: =AVERAGE(K2:K15) | W15: =AVERAGE(L2:L15) | X15: =AVERAGE(P2:P15) | Y15: =AVERAGE(T2:T15) | Z15: =AVERAGE(U2:U15) | AA15: =0.5*V15+0.5*X15 | AB15: =Settings!$B$3+Settings!$B$4*W15 | AC15: =Z15 | AD15: =0.5*V15+0.5*Z15 | AE15: =(X15+Y15+V15)/3 | AF15: =0.7*X15+0.3*V15
A16: 1988-07-01 | B16: 425221.48 | C16: 233760.85 | D16: 63.331551 | E16: 4.7210208 | F16: 4.9445661 | G16: 6.4457316 | H16: 86.006538 | I16: 1296.0365 | J16: 790.76306 | K16: 5.0467116 | L16: 4.5986745 | M16: 1.5216101 | N16: 1.4020404 | O16: 1.4020404 | P16: 3.3189803 | Q16: 5.0436911 | R16: 3.5425257 | S16: =Q16-P16 | T16: =Q16-Settings!$B$5 | U16: =0.5*(P16+T16) | V16: =AVERAGE(K2:K16) | W16: =AVERAGE(L2:L16) | X16: =AVERAGE(P2:P16) | Y16: =AVERAGE(T2:T16) | Z16: =AVERAGE(U2:U16) | AA16: =0.5*V16+0.5*X16 | AB16: =Settings!$B$3+Settings!$B$4*W16 | AC16: =Z16 | AD16: =0.5*V16+0.5*Z16 | AE16: =(X16+Y16+V16)/3 | AF16: =0.7*X16+0.3*V16
A17: 1988-10-01 | B17: 428566.83 | C17: 235981.4 | D17: 63.589226 | E17: 4.5217442 | F17: 4.7299153 | G17: 6.2323096 | H17: 86.041188 | I17: 1296.8202 | J17: 791.66822 | K17: 3.1346102 | L17: 3.6206378 | M17: 1.6241671 | N17: 1.3874251 | O17: 1.3874251 | P17: 3.1343191 | Q17: 4.8448845 | R17: 3.3424902 | S17: =Q17-P17 | T17: =Q17-Settings!$B$5 | U17: =0.5*(P17+T17) | V17: =AVERAGE(K2:K17) | W17: =AVERAGE(L2:L17) | X17: =AVERAGE(P2:P17) | Y17: =AVERAGE(T2:T17) | Z17: =AVERAGE(U2:U17) | AA17: =0.5*V17+0.5*X17 | AB17: =Settings!$B$3+Settings!$B$4*W17 | AC17: =Z17 | AD17: =0.5*V17+0.5*Z17 | AE17: =(X17+Y17+V17)/3 | AF17: =0.7*X17+0.3*V17
A18: 1989-01-01 | B18: 433174.42 | C18: 239493.79 | D18: 63.90555 | E18: 4.3720214 | F18: 4.5506051 | G18: 6.1393952 | H18: 85.997036 | I18: 1297.8896 | J18: 793.19699 | K18: 4.2775126 | L18: 6.1151051 | M18: 1.9848629 | N18: 1.6804875 | O18: 1.6804875 | P18: 2.6915339 | Q18: 4.4589077 | R18: 2.8701176 | S18: =Q18-P18 | T18: =Q18-Settings!$B$5 | U18: =0.5*(P18+T18) | V18: =AVERAGE(K2:K18) | W18: =AVERAGE(L2:L18) | X18: =AVERAGE(P2:P18) | Y18: =AVERAGE(T2:T18) | Z18: =AVERAGE(U2:U18) | AA18: =0.5*V18+0.5*X18 | AB18: =Settings!$B$3+Settings!$B$4*W18 | AC18: =Z18 | AD18: =0.5*V18+0.5*Z18 | AE18: =(X18+Y18+V18)/3 | AF18: =0.7*X18+0.3*V18
A19: 1989-04-01 | B19: 435731.2 | C19: 239862.56 | D19: 64.046462 | E19: 4.323254 | F19: 4.4837491 | G19: 6.2660025 | H19: 85.963536 | I19: 1298.4781 | J19: 793.38982 | K19: 2.3540337 | L19: 0.77129362 | M19: 0.88102852 | N19: 1.5029171 | O19: 1.5029171 | P19: 2.8203369 | Q19: 4.7630854 | R19: 2.980832 | S19: =Q19-P19 | T19: =Q19-Settings!$B$5 | U19: =0.5*(P19+T19) | V19: =AVERAGE(K2:K19) | W19: =AVERAGE(L2:L19) | X19: =AVERAGE(P2:P19) | Y19: =AVERAGE(T2:T19) | Z19: =AVERAGE(U2:U19) | AA19: =0.5*V19+0.5*X19 | AB19: =Settings!$B$3+Settings!$B$4*W19 | AC19: =Z19 | AD19: =0.5*V19+0.5*Z19 | AE19: =(X19+Y19+V19)/3 | AF19: =0.7*X19+0.3*V19
A20: 1989-07-01 | B20: 440374.73 | C20: 241808.31 | D20: 64.258593 | E20: 4.1219521 | F20: 4.3470263 | G20: 6.1056907 | H20: 85.979276 | I20: 1299.5381 | J20: 794.17943 | K20: 4.240186 | L20: 3.1584535 | M20: 1.322669 | N20: 1.4531819 | O20: 1.4531819 | P20: 2.6687702 | Q20: 4.6525089 | R20: 2.8938444 | S20: =Q20-P20 | T20: =Q20-Settings!$B$5 | U20: =0.5*(P20+T20) | V20: =AVERAGE(K2:K20) | W20: =AVERAGE(L2:L20) | X20: =AVERAGE(P2:P20) | Y20: =AVERAGE(T2:T20) | Z20: =AVERAGE(U2:U20) | AA20: =0.5*V20+0.5*X20 | AB20: =Settings!$B$3+Settings!$B$4*W20 | AC20: =Z20 | AD20: =0.5*V20+0.5*Z20 | AE20: =(X20+Y20+V20)/3 | AF20: =0.7*X20+0.3*V20
A21: 1989-10-01 | B21: 443501.39 | C21: 245007.56 | D21: 64.528607 | E21: 4.0851338 | F21: 4.2956144 | G21: 5.8515399 | H21: 86.031696 | I21: 1300.2456 | J21: 795.43286 | K21: 2.8299678 | L21: 5.0137187 | M21: 1.6772719 | N21: 1.4664581 | O21: 1.4664581 | P21: 2.6186758 | Q21: 4.3850818 | R21: 2.8291563 | S21: =Q21-P21 | T21: =Q21-Settings!$B$5 | U21: =0.5*(P21+T21) | V21: =AVERAGE(K2:K21) | W21: =AVERAGE(L2:L21) | X21: =AVERAGE(P2:P21) | Y21: =AVERAGE(T2:T21) | Z21: =AVERAGE(U2:U21) | AA21: =0.5*V21+0.5*X21 | AB21: =Settings!$B$3+Settings!$B$4*W21 | AC21: =Z21 | AD21: =0.5*V21+0.5*Z21 | AE21: =(X21+Y21+V21)/3 | AF21: =0.7*X21+0.3*V21
A22: 1990-01-01 | B22: 446175.21 | C22: 245817.59 | D22: 64.500466 | E22: 4.0049739 | F22: 4.2764519 | G22: 5.9954799 | H22: 86.00015 | I22: 1300.8467 | J22: 795.7996 | K22: 2.4043189 | L22: 1.466965 | M22: -0.17447832 | N22: 0.92662277 | O22: 0.92662277 | P22: 3.0783511 | Q22: 5.0688571 | R22: 3.3498292 | S22: =Q22-P22 | T22: =Q22-Settings!$B$5 | U22: =0.5*(P22+T22) | V22: =AVERAGE(K3:K22) | W22: =AVERAGE(L3:L22) | X22: =AVERAGE(P3:P22) | Y22: =AVERAGE(T3:T22) | Z22: =AVERAGE(U3:U22) | AA22: =0.5*V22+0.5*X22 | AB22: =Settings!$B$3+Settings!$B$4*W22 | AC22: =Z22 | AD22: =0.5*V22+0.5*Z22 | AE22: =(X22+Y22+V22)/3 | AF22: =0.7*X22+0.3*V22
A23: 1990-04-01 | B23: 447948.35 | C23: 247889.72 | D23: 64.620352 | E23: 3.895695 | F23: 4.1083006 | G23: 5.6992526 | H23: 86.01701 | I23: 1301.2433 | J23: 796.61942 | K23: 1.5864852 | L23: 3.2792698 | M23: 0.74278471 | N23: 0.89206182 | O23: 0.89206182 | P23: 3.0036332 | Q23: 4.8071908 | R23: 3.2162388 | S23: =Q23-P23 | T23: =Q23-Settings!$B$5 | U23: =0.5*(P23+T23) | V23: =AVERAGE(K4:K23) | W23: =AVERAGE(L4:L23) | X23: =AVERAGE(P4:P23) | Y23: =AVERAGE(T4:T23) | Z23: =AVERAGE(U4:U23) | AA23: =0.5*V23+0.5*X23 | AB23: =Settings!$B$3+Settings!$B$4*W23 | AC23: =Z23 | AD23: =0.5*V23+0.5*Z23 | AE23: =(X23+Y23+V23)/3 | AF23: =0.7*X23+0.3*V23
A24: 1990-07-01 | B24: 452107.07 | C24: 248841.21 | D24: 64.686704 | E24: 3.8395403 | F24: 4.0511714 | G24: 5.8149094 | H24: 86.033504 | I24: 1302.1674 | J24: 796.98334 | K24: 3.6964334 | L24: 1.4557077 | M24: 0.41050698 | N24: 0.66402132 | O24: 0.66402132 | P24: 3.175519 | Q24: 5.1508881 | R24: 3.3871501 | S24: =Q24-P24 | T24: =Q24-Settings!$B$5 | U24: =0.5*(P24+T24) | V24: =AVERAGE(K5:K24) | W24: =AVERAGE(L5:L24) | X24: =AVERAGE(P5:P24) | Y24: =AVERAGE(T5:T24) | Z24: =AVERAGE(U5:U24) | AA24: =0.5*V24+0.5*X24 | AB24: =Settings!$B$3+Settings!$B$4*W24 | AC24: =Z24 | AD24: =0.5*V24+0.5*Z24 | AE24: =(X24+Y24+V24)/3 | AF24: =0.7*X24+0.3*V24
A25: 1990-10-01 | B25: 454286.25 | C25: 248636.66 | D25: 64.776353 | E25: 3.7172323 | F25: 3.9122244 | G25: 5.5079024 | H25: 85.981258 | I25: 1302.6483 | J25: 796.96186 | K25: 1.9233902 | L25: -0.085951407 | M25: 0.5539752 | N25: 0.38319714 | O25: 0.38319714 | P25: 3.3340351 | Q25: 5.1247053 | R25: 3.5290273 | S25: =Q25-P25 | T25: =Q25-Settings!$B$5 | U25: =0.5*(P25+T25) | V25: =AVERAGE(K6:K25) | W25: =AVERAGE(L6:L25) | X25: =AVERAGE(P6:P25) | Y25: =AVERAGE(T6:T25) | Z25: =AVERAGE(U6:U25) | AA25: =0.5*V25+0.5*X25 | AB25: =Settings!$B$3+Settings!$B$4*W25 | AC25: =Z25 | AD25: =0.5*V25+0.5*Z25 | AE25: =(X25+Y25+V25)/3 | AF25: =0.7*X25+0.3*V25
A26: 1991-01-01 | B26: 456028.6 | C26: 249446.85 | D26: 64.797201 | E26: 4.0334163 | F26: 4.2579196 | G26: 5.8465221 | H26: 86.037812 | I26: 1303.0311 | J26: 797.22143 | K26: 1.5312082 | L26: 1.0382889 | M26: 0.1287169 | N26: 0.45899595 | O26: 0.45899595 | P26: 3.5744204 | Q26: 5.3875261 | R26: 3.7989236 | S26: =Q26-P26 | T26: =Q26-Settings!$B$5 | U26: =0.5*(P26+T26) | V26: =AVERAGE(K7:K26) | W26: =AVERAGE(L7:L26) | X26: =AVERAGE(P7:P26) | Y26: =AVERAGE(T7:T26) | Z26: =AVERAGE(U7:U26) | AA26: =0.5*V26+0.5*X26 | AB26: =Settings!$B$3+Settings!$B$4*W26 | AC26: =Z26 | AD26: =0.5*V26+0.5*Z26 | AE26: =(X26+Y26+V26)/3 | AF26: =0.7*X26+0.3*V26
A27: 1991-04-01 | B27: 457875.89 | C27: 253500.27 | D27: 64.885406 | E27: 3.8405814 | F27: 4.0593339 | G27: 5.6771288 | H27: 86.018942 | I27: 1303.4353 | J27: 798.85526 | K27: 1.6170547 | L27: 6.5353339 | M27: 0.54412911 | N27: 0.40933205 | O27: 0.40933205 | P27: 3.4312493 | Q27: 5.2677968 | R27: 3.6500019 | S27: =Q27-P27 | T27: =Q27-Settings!$B$5 | U27: =0.5*(P27+T27) | V27: =AVERAGE(K8:K27) | W27: =AVERAGE(L8:L27) | X27: =AVERAGE(P8:P27) | Y27: =AVERAGE(T8:T27) | Z27: =AVERAGE(U8:U27) | AA27: =0.5*V27+0.5*X27 | AB27: =Settings!$B$3+Settings!$B$4*W27 | AC27: =Z27 | AD27: =0.5*V27+0.5*Z27 | AE27: =(X27+Y27+V27)/3 | AF27: =0.7*X27+0.3*V27
A28: 1991-07-01 | B28: 461011.26 | C28: 255310.42 | D28: 64.986144 | E28: 3.7948908 | F28: 4.0324425 | G28: 5.9127761 | H28: 85.938259 | I28: 1304.1178 | J28: 799.66063 | K28: 2.7297247 | L28: 3.2214673 | M28: 0.62054147 | N28: 0.46184067 | O28: 0.46184067 | P28: 3.3330501 | Q28: 5.4509355 | R28: 3.5706019 | S28: =Q28-P28 | T28: =Q28-Settings!$B$5 | U28: =0.5*(P28+T28) | V28: =AVERAGE(K9:K28) | W28: =AVERAGE(L9:L28) | X28: =AVERAGE(P9:P28) | Y28: =AVERAGE(T9:T28) | Z28: =AVERAGE(U9:U28) | AA28: =0.5*V28+0.5*X28 | AB28: =Settings!$B$3+Settings!$B$4*W28 | AC28: =Z28 | AD28: =0.5*V28+0.5*Z28 | AE28: =(X28+Y28+V28)/3 | AF28: =0.7*X28+0.3*V28
A29: 1991-10-01 | B29: 464057.58 | C29: 255048.46 | D29: 65.046262 | E29: 3.7064468 | F29: 3.8908072 | G29: 5.5915754 | H29: 86.072115 | I29: 1304.7764 | J29: 799.40233 | K29: 2.6344659 | L29: -1.0331781 | M29: 0.36986341 | N29: 0.41581272 | O29: 0.41581272 | P29: 3.2906341 | Q29: 5.1757627 | R29: 3.4749944 | S29: =Q29-P29 | T29: =Q29-Settings!$B$5 | U29: =0.5*(P29+T29) | V29: =AVERAGE(K10:K29) | W29: =AVERAGE(L10:L29) | X29: =AVERAGE(P10:P29) | Y29: =AVERAGE(T10:T29) | Z29: =AVERAGE(U10:U29) | AA29: =0.5*V29+0.5*X29 | AB29: =Settings!$B$3+Settings!$B$4*W29 | AC29: =Z29 | AD29: =0.5*V29+0.5*Z29 | AE29: =(X29+Y29+V29)/3 | AF29: =0.7*X29+0.3*V29
A30: 1992-01-01 | B30: 467369.37 | C30: 256659.46 | D30: 65.10651 | E30: 3.4514925 | F30: 3.6384303 | G30: 5.1807661 | H30: 85.974963 | I30: 1305.4875 | J30: 800.14493 | K30: 2.844501 | L30: 2.9703804 | M30: 0.37032027 | N30: 0.47621356 | O30: 0.47621356 | P30: 2.975279 | Q30: 4.7045525 | R30: 3.1622167 | S30: =Q30-P30 | T30: =Q30-Settings!$B$5 | U30: =0.5*(P30+T30) | V30: =AVERAGE(K11:K30) | W30: =AVERAGE(L11:L30) | X30: =AVERAGE(P11:P30) | Y30: =AVERAGE(T11:T30) | Z30: =AVERAGE(U11:U30) | AA30: =0.5*V30+0.5*X30 | AB30: =Settings!$B$3+Settings!$B$4*W30 | AC30: =Z30 | AD30: =0.5*V30+0.5*Z30 | AE30: =(X30+Y30+V30)/3 | AF30: =0.7*X30+0.3*V30
A31: 1992-04-01 | B31: 470959.2 | C31: 260546.21 | D31: 65.16857 | E31: 3.3306152 | F31: 3.5162421 | G31: 5.227515 | H31: 85.917245 | I31: 1306.2527 | J31: 801.7151 | K31: 3.0606322 | L31: 6.2806648 | M31: 0.38110297 | N31: 0.43545703 | O31: 0.43545703 | P31: 2.8951582 | Q31: 4.792058 | R31: 3.0807851 | S31: =Q31-P31 | T31: =Q31-Settings!$B$5 | U31: =0.5*(P31+T31) | V31: =AVERAGE(K12:K31) | W31: =AVERAGE(L12:L31) | X31: =AVERAGE(P12:P31) | Y31: =AVERAGE(T12:T31) | Z31: =AVERAGE(U12:U31) | AA31: =0.5*V31+0.5*X31 | AB31: =Settings!$B$3+Settings!$B$4*W31 | AC31: =Z31 | AD31: =0.5*V31+0.5*Z31 | AE31: =(X31+Y31+V31)/3 | AF31: =0.7*X31+0.3*V31
A32: 1992-07-01 | B32: 477289.19 | C32: 261349.19 | D32: 65.175249 | E32: 3.3167892 | F32: 3.5405133 | G32: 5.080606 | H32: 85.947748 | I32: 1307.5878 | J32: 801.98732 | K32: 5.3404462 | L32: 1.0888783 | M32: 0.040996421 | N32: 0.29057077 | O32: 0.29057077 | P32: 3.0262185 | Q32: 4.7900352 | R32: 3.2499425 | S32: =Q32-P32 | T32: =Q32-Settings!$B$5 | U32: =0.5*(P32+T32) | V32: =AVERAGE(K13:K32) | W32: =AVERAGE(L13:L32) | X32: =AVERAGE(P13:P32) | Y32: =AVERAGE(T13:T32) | Z32: =AVERAGE(U13:U32) | AA32: =0.5*V32+0.5*X32 | AB32: =Settings!$B$3+Settings!$B$4*W32 | AC32: =Z32 | AD32: =0.5*V32+0.5*Z32 | AE32: =(X32+Y32+V32)/3 | AF32: =0.7*X32+0.3*V32
... A165: 2025-10-01 | B165: 883922.08 | C165: 486026.96 | D165: 74.883552 | E165: 0.52847001 | F165: 0.69428714 | G165: 1.6020283 | H165: 82.905788 | I165: 1369.2124 | J165: 867.63145 | K165: 0.97521219 | L165: 3.7106575 | M165: 2.7099594 | N165: 2.69494 | O165: 2.69494 | P165: -2.16647 | Q165: -1.0929117 | R165: -2.0006528 | S165: =Q165-P165 | T165: =Q165-Settings!$B$5 | U165: =0.5*(P165+T165) | V165: =AVERAGE(K146:K165) | W165: =AVERAGE(L146:L165) | X165: =AVERAGE(P146:P165) | Y165: =AVERAGE(T146:T165) | Z165: =AVERAGE(U146:U165) | AA165: =0.5*V165+0.5*X165 | AB165: =Settings!$B$3+Settings!$B$4*W165 | AC165: =Z165 | AD165: =0.5*V165+0.5*Z165 | AE165: =(X165+Y165+V165)/3 | AF165: =0.7*X165+0.3*V165

Sheet Settings
A1: Settings
A2: window (quarters) | B2: 20 | C2: Trailing window baked into the trend columns (rebuild to change)
A3: rho (DSGE, %) | B3: 0 | C3: Rate of time preference / steady-state premium
A4: gamma (DSGE) | B4: 1 | C4: Inverse EIS (1 = log utility)
A5: avg real term spread | B5: =AVERAGE(Data!$S$2:$S$1000) | C5: Average real 10y-short spread; used to level-adjust the long rate
A7: B3/B4 recalibrate the DSGE Euler equation and recompute live. B2 (window) is baked into the trend ranges at build time - to change it, rerun build_workbook.py. New data rows recompute automatically once formulas are filled down.

Sheet Dashboard
A1: Dashboard - Japan r* by method
A2: Excel proxies (live). Python faithful estimates shown where available - re-run python -m neutralrate.run_all to refresh them.

Sheet Python_faithful
A1: Faithful Python (state-space / MLE) estimates - from `python -m neutralrate.run_all`. Re-run to refresh.
A3: date | B3: HLW (2023) | C3: DSGE (Okazaki-Sudo 2018) | D3: Natural Yield Curve (Imakubo et al. 2015) | E3: Natural Yield Curve (Nakajima et al. 2023) | F3: Macro-finance (Goy-Iwasaki 2024) | G3: VAR common trends (Del Negro et al. 2017)
A4: 1985-01-01 | C4: 4.6297798
A5: 1985-04-01 | B5: 6.5298718 | C5: 4.7929684 | D5: 4.7903744 | E5: 4.8913488 | F5: 4.3712121 | G5: 2.7613276
A6: 1985-07-01 | B6: 7.069939 | C6: 4.7239417 | D6: 4.2178234 | E6: 4.6343635 | F6: 4.1739924 | G6: 2.653383
A7: 1985-10-01 | B7: 6.6277888 | C7: 4.609013 | D7: 4.1181997 | E7: 4.3049943 | F7: 4.0567212 | G7: 2.6436715
A8: 1986-01-01 | B8: 7.1175342 | C8: 4.6633434 | D8: 3.9857744 | E8: 4.3099236 | F8: 3.9587561 | G8: 2.5889226
A9: 1986-04-01 | B9: 6.7972658 | C9: 4.8334507 | D9: 4.0922699 | E9: 4.5964492 | F9: 3.9254555 | G9: 2.59867
A10: 1986-07-01 | B10: 7.1042641 | C10: 5.0453043 | D10: 4.0204835 | E10: 4.6305998 | F10: 3.8897859 | G10: 2.5898753
A11: 1986-10-01 | B11: 6.9245044 | C11: 5.1898551 | D11: 4.0769017 | E11: 4.7179421 | F11: 3.8886951 | G11: 2.6066618
A12: 1987-01-01 | B12: 7.0686837 | C12: 5.4070914 | D12: 4.1843536 | E12: 4.7647159 | F12: 3.8535527 | G12: 2.6189443
A13: 1987-04-01 | B13: 7.0050777 | C13: 5.7080923 | D13: 3.767139 | E13: 4.7393456 | F13: 3.6920717 | G13: 2.549035
A14: 1987-07-01 | B14: 7.0519512 | C14: 5.8456376 | D14: 3.6556544 | E14: 4.6733971 | F14: 3.4957352 | G14: 2.4797031
A15: 1987-10-01 | B15: 6.9600863 | C15: 5.6589083 | D15: 3.4378794 | E15: 4.4286901 | F15: 3.30887 | G15: 2.3935008
A16: 1988-01-01 | B16: 7.0489394 | C16: 5.23229 | D16: 3.2518283 | E16: 4.2698589 | F16: 3.2149181 | G16: 2.3629442
... A167: 2025-10-01 | B167: 1.7015383 | C167: 1.0624364 | D167: -2.3893875 | E167: -0.38626075 | F167: -2.1601361 | G167: 0.2250339
